Southampton,United Kingdom
,
Southampton,United Kingdom
Southampton,United Kingdom
Southampton,United Kingdom
Ostend,Belgium
Southampton,United Kingdom
Southampton,United Kingdom
Southampton,United Kingdom
Plymouth,United Kingdom
Southampton,United Kingdom
Medellin ,Colombia
Southampton,United Kingdom
Southampton,United Kingdom
Southampton,United Kingdom
Southampton,United Kingdom
Southampton,United Kingdom
Portsmouth,United Kingdom
Southampton,United Kingdom
Plymouth,United Kingdom
Southampton,United Kingdom
Southampton,United Kingdom
Southampton,United Kingdom
Southampton,United Kingdom
Southampton,United Kingdom
Southampton,United Kingdom
Southampton,United Kingdom
Southampton,United Kingdom
Southampton,United Kingdom
Southampton,United Kingdom
Southampton,United Kingdom
Southampton,United Kingdom
Southampton,United Kingdom
